Trade #,Type,Date et heure,Signal,Prix USDT,Taille de la position (qté),Taille de la position (valeur),P&L Net USDT,P&L Net %,Excursion favorable USDT,Excursion favorable %,Excursion adverse USDT,Excursion adverse %,P&L cumulé USDT,P&L cumulé %
1,Sortir du short,2025-11-22 11:00,Exit Short,#NUM!,36543029.42,-19989.03709,39.98,-0.20,0,0.00,0,0.00,39.98,0.40
1,Entrer short,2025-11-22 11:00,Short,#NUM!,36543029.42,-19989.03709,39.98,-0.20,0,0.00,0,0.00,39.98,0.40
2,Sortir du short,2025-11-22 15:00,Exit Short,#NUM!,30953671.36,-15941.14075,31.88,-0.20,0,0.00,0,0.00,71.86,0.72
2,Entrer short,2025-11-22 15:00,Short,#NUM!,30953671.36,-15941.14075,31.88,-0.20,0,0.00,0,0.00,71.86,0.72
3,Sortir du short,2025-11-22 19:00,Exit Short,#NUM!,30962235.37,-22107.03606,44.21,-0.20,0,0.00,0,0.00,116.07,1.16
3,Entrer short,2025-11-22 19:00,Short,#NUM!,30962235.37,-22107.03606,44.21,-0.20,0,0.00,0,0.00,116.07,1.16
4,Sortir du short,2025-11-23 05:00,Exit Short,#NUM!,39173150.66,-19821.61424,39.64,-0.20,0,0.00,0,0.00,155.72,1.56
4,Entrer short,2025-11-23 05:00,Short,#NUM!,39173150.66,-19821.61424,39.64,-0.20,0,0.00,0,0.00,155.72,1.56
5,Sortir du short,2025-11-23 13:00,Exit Short,#NUM!,36365880.64,-20073.96611,40.15,-0.20,0,0.00,0,0.00,195.87,1.96
5,Entrer short,2025-11-23 13:00,Short,#NUM!,36365880.64,-20073.96611,40.15,-0.20,0,0.00,0,0.00,195.87,1.96
6,Sortir du short,2025-11-23 21:00,Exit Short,#NUM!,36607301.41,-18962.58213,37.93,-0.20,0,0.00,0,0.00,233.79,2.34
6,Entrer short,2025-11-23 21:00,Short,#NUM!,36607301.41,-18962.58213,37.93,-0.20,0,0.00,0,0.00,233.79,2.34
7,Sortir du short,2025-11-23 23:00,Exit Short,#NUM!,44074121.98,-21155.57855,42.31,-0.20,0,0.00,0,0.00,276.1,2.76
7,Entrer short,2025-11-23 23:00,Short,#NUM!,44074121.98,-21155.57855,42.31,-0.20,0,0.00,0,0.00,276.1,2.76
8,Sortir du short,2025-11-24 07:00,Exit Short,#NUM!,42980956.19,-20974.70662,41.95,-0.20,0,0.00,0,0.00,318.05,3.18
8,Entrer short,2025-11-24 07:00,Short,#NUM!,42980956.19,-20974.70662,41.95,-0.20,0,0.00,0,0.00,318.05,3.18
9,Sortir du short,2025-11-24 09:00,Exit Short,#NUM!,22639717.66,-24066.01987,48.13,-0.20,0,0.00,0,0.00,366.18,3.66
9,Entrer short,2025-11-24 09:00,Short,#NUM!,22639717.66,-24066.01987,48.13,-0.20,0,0.00,0,0.00,366.18,3.66
10,Sortir du short,2025-11-24 15:00,Exit Short,#NUM!,30792625.36,-19984.41386,39.97,-0.20,0,0.00,0,0.00,406.15,4.06
10,Entrer short,2025-11-24 15:00,Short,#NUM!,30792625.36,-19984.41386,39.97,-0.20,0,0.00,0,0.00,406.15,4.06
11,Sortir du short,2025-11-24 23:00,Exit Short,#NUM!,30707937.12,-25825.37512,51.65,-0.20,0,0.00,0,0.00,457.8,4.58
11,Entrer short,2025-11-24 23:00,Short,#NUM!,30707937.12,-25825.37512,51.65,-0.20,0,0.00,0,0.00,457.8,4.58
12,Sortir du short,2025-11-25 05:00,Exit Short,#NUM!,42866875.47,-17832.6202,35.67,-0.20,0,0.00,0,0.00,493.47,4.93
12,Entrer short,2025-11-25 05:00,Short,#NUM!,42866875.47,-17832.6202,35.67,-0.20,0,0.00,0,0.00,493.47,4.93
13,Sortir du short,2025-11-25 11:00,Exit Short,#NUM!,37942140.84,-26369.78788,52.74,-0.20,0,0.00,0,0.00,546.21,5.46
13,Entrer short,2025-11-25 11:00,Short,#NUM!,37942140.84,-26369.78788,52.74,-0.20,0,0.00,0,0.00,546.21,5.46
14,Sortir du short,2025-11-25 13:00,Exit Short,#NUM!,23346522.23,-17439.85211,34.88,-0.20,0,0.00,0,0.00,581.09,5.81
14,Entrer short,2025-11-25 13:00,Short,#NUM!,23346522.23,-17439.85211,34.88,-0.20,0,0.00,0,0.00,581.09,5.81
15,Sortir du short,2025-11-25 17:00,Exit Short,#NUM!,34589455.75,-23624.59828,47.25,-0.20,0,0.00,0,0.00,628.34,6.28
15,Entrer short,2025-11-25 17:00,Short,#NUM!,34589455.75,-23624.59828,47.25,-0.20,0,0.00,0,0.00,628.34,6.28
16,Sortir du short,2025-11-25 19:00,Exit Short,#NUM!,33262406.21,-23283.68435,46.57,-0.20,0,0.00,0,0.00,674.9,6.75
16,Entrer short,2025-11-25 19:00,Short,#NUM!,33262406.21,-23283.68435,46.57,-0.20,0,0.00,0,0.00,674.9,6.75
17,Sortir du short,2025-11-26 11:00,Exit Short,#NUM!,33825764.93,-18705.64801,37.41,-0.20,0,0.00,0,0.00,712.32,7.12
17,Entrer short,2025-11-26 11:00,Short,#NUM!,33825764.93,-18705.64801,37.41,-0.20,0,0.00,0,0.00,712.32,7.12
18,Sortir du short,2025-11-26 13:00,Exit Short,#NUM!,30821041.6,-21235.69766,42.47,-0.20,0,0.00,0,0.00,754.79,7.55
18,Entrer short,2025-11-26 13:00,Short,#NUM!,30821041.6,-21235.69766,42.47,-0.20,0,0.00,0,0.00,754.79,7.55
19,Sortir du short,2025-11-26 15:00,Exit Short,#NUM!,31557009.78,-10161.35715,20.32,-0.20,0,0.00,0,0.00,775.11,7.75
19,Entrer short,2025-11-26 15:00,Short,#NUM!,31557009.78,-10161.35715,20.32,-0.20,0,0.00,0,0.00,775.11,7.75
20,Sortir du short,2025-11-26 23:00,Exit Short,#NUM!,42066444.52,-17415.50803,34.83,-0.20,0,0.00,0,0.00,809.94,8.10
20,Entrer short,2025-11-26 23:00,Short,#NUM!,42066444.52,-17415.50803,34.83,-0.20,0,0.00,0,0.00,809.94,8.10
21,Sortir du short,2025-11-27 01:00,Exit Short,#NUM!,37135438.42,-19384.69886,38.77,-0.20,0,0.00,0,0.00,848.71,8.49
21,Entrer short,2025-11-27 01:00,Short,#NUM!,37135438.42,-19384.69886,38.77,-0.20,0,0.00,0,0.00,848.71,8.49
22,Sortir du short,2025-11-27 05:00,Exit Short,#NUM!,39434797.06,-20742.70325,41.49,-0.20,0,0.00,0,0.00,890.2,8.90
22,Entrer short,2025-11-27 05:00,Short,#NUM!,39434797.06,-20742.70325,41.49,-0.20,0,0.00,0,0.00,890.2,8.90
23,Sortir du short,2025-11-27 09:00,Exit Short,#NUM!,41963644.69,-25891.56877,51.78,-0.20,0,0.00,0,0.00,941.98,9.42
23,Entrer short,2025-11-27 09:00,Short,#NUM!,41963644.69,-25891.56877,51.78,-0.20,0,0.00,0,0.00,941.98,9.42
24,Sortir du short,2025-11-27 11:00,Exit Short,#NUM!,35163988.78,-23911.51237,47.82,-0.20,0,0.00,0,0.00,989.8,9.90
24,Entrer short,2025-11-27 11:00,Short,#NUM!,35163988.78,-23911.51237,47.82,-0.20,0,0.00,0,0.00,989.8,9.90
25,Sortir du short,2025-11-27 13:00,Exit Short,#NUM!,36676071.4,-20978.71284,41.96,-0.20,0,0.00,0,0.00,1031.76,10.32
25,Entrer short,2025-11-27 13:00,Short,#NUM!,36676071.4,-20978.71284,41.96,-0.20,0,0.00,0,0.00,1031.76,10.32
26,Sortir du short,2025-11-27 19:00,Exit Short,#NUM!,39092680.03,-29632.25146,59.26,-0.20,0,0.00,0,0.00,1091.02,10.91
26,Entrer short,2025-11-27 19:00,Short,#NUM!,39092680.03,-29632.25146,59.26,-0.20,0,0.00,0,0.00,1091.02,10.91
27,Sortir du short,2025-11-27 21:00,Exit Short,#NUM!,42643021.04,-25500.52658,51,-0.20,0,0.00,0,0.00,1142.02,11.42
27,Entrer short,2025-11-27 21:00,Short,#NUM!,42643021.04,-25500.52658,51,-0.20,0,0.00,0,0.00,1142.02,11.42
28,Sortir du short,2025-11-27 23:00,Exit Short,#NUM!,38559721.74,-34086.79402,68.17,-0.20,0,0.00,0,0.00,1210.2,12.10
28,Entrer short,2025-11-27 23:00,Short,#NUM!,38559721.74,-34086.79402,68.17,-0.20,0,0.00,0,0.00,1210.2,12.10
29,Sortir du short,2025-11-28 01:00,Exit Short,#NUM!,39852105.38,-21918.65796,43.84,-0.20,0,0.00,0,0.00,1254.04,12.54
29,Entrer short,2025-11-28 01:00,Short,#NUM!,39852105.38,-21918.65796,43.84,-0.20,0,0.00,0,0.00,1254.04,12.54
30,Sortir du short,2025-11-28 03:00,Exit Short,#NUM!,32490899.46,-20339.30306,40.68,-0.20,0,0.00,0,0.00,1294.71,12.95
30,Entrer short,2025-11-28 03:00,Short,#NUM!,32490899.46,-20339.30306,40.68,-0.20,0,0.00,0,0.00,1294.71,12.95
31,Sortir du short,2025-11-28 05:00,Exit Short,#NUM!,36344286.47,-22860.55619,45.72,-0.20,0,0.00,0,0.00,1340.44,13.40
31,Entrer short,2025-11-28 05:00,Short,#NUM!,36344286.47,-22860.55619,45.72,-0.20,0,0.00,0,0.00,1340.44,13.40
32,Sortir du short,2025-11-28 07:00,Exit Short,#NUM!,36316120.73,-22043.88528,44.09,-0.20,0,0.00,0,0.00,1384.52,13.85
32,Entrer short,2025-11-28 07:00,Short,#NUM!,36316120.73,-22043.88528,44.09,-0.20,0,0.00,0,0.00,1384.52,13.85
33,Sortir du short,2025-11-28 09:00,Exit Short,#NUM!,33859834.3,-22381.35048,44.76,-0.20,0,0.00,0,0.00,1429.29,14.29
33,Entrer short,2025-11-28 09:00,Short,#NUM!,33859834.3,-22381.35048,44.76,-0.20,0,0.00,0,0.00,1429.29,14.29
34,Sortir du short,2025-11-28 13:00,Exit Short,#NUM!,34429188.29,-22310.11401,44.62,-0.20,0,0.00,0,0.00,1473.91,14.74
34,Entrer short,2025-11-28 13:00,Short,#NUM!,34429188.29,-22310.11401,44.62,-0.20,0,0.00,0,0.00,1473.91,14.74
35,Sortir du short,2025-11-28 19:00,Exit Short,0.00001,27783535.85,277.8353585,-0.56,-0.20,0,0.00,0,0.00,1473.35,14.73
35,Entrer short,2025-11-28 19:00,Short,0.00001,27783535.85,277.8353585,-0.56,-0.20,0,0.00,0,0.00,1473.35,14.73
36,Sortir du short,2025-11-28 21:00,Exit Short,#NUM!,32019395.93,-21260.8789,42.52,-0.20,0,0.00,0,0.00,1515.87,15.16
36,Entrer short,2025-11-28 21:00,Short,#NUM!,32019395.93,-21260.8789,42.52,-0.20,0,0.00,0,0.00,1515.87,15.16
37,Sortir du short,2025-11-29 15:00,Exit Short,#NUM!,38978715.83,-20268.93223,40.54,-0.20,0,0.00,0,0.00,1556.41,15.56
37,Entrer short,2025-11-29 15:00,Short,#NUM!,38978715.83,-20268.93223,40.54,-0.20,0,0.00,0,0.00,1556.41,15.56
38,Sortir du short,2025-11-29 23:00,Exit Short,#NUM!,44318184.04,-24242.04667,48.48,-0.20,0,0.00,0,0.00,1604.89,16.05
38,Entrer short,2025-11-29 23:00,Short,#NUM!,44318184.04,-24242.04667,48.48,-0.20,0,0.00,0,0.00,1604.89,16.05
39,Sortir du short,2025-11-30 01:00,Exit Short,#NUM!,47842408.27,-22772.98634,45.55,-0.20,0,0.00,0,0.00,1650.44,16.50
39,Entrer short,2025-11-30 01:00,Short,#NUM!,47842408.27,-22772.98634,45.55,-0.20,0,0.00,0,0.00,1650.44,16.50
40,Sortir du short,2025-11-30 07:00,Exit Short,#NUM!,51791241.32,-24238.30094,48.48,-0.20,0,0.00,0,0.00,1698.92,16.99
40,Entrer short,2025-11-30 07:00,Short,#NUM!,51791241.32,-24238.30094,48.48,-0.20,0,0.00,0,0.00,1698.92,16.99
41,Sortir du short,2025-11-30 09:00,Exit Short,#NUM!,52790561.52,-25867.37514,51.73,-0.20,0,0.00,0,0.00,1750.65,17.51
41,Entrer short,2025-11-30 09:00,Short,#NUM!,52790561.52,-25867.37514,51.73,-0.20,0,0.00,0,0.00,1750.65,17.51
42,Sortir du short,2025-11-30 11:00,Exit Short,#NUM!,40690667.94,-21403.29134,42.81,-0.20,0,0.00,0,0.00,1793.46,17.93
42,Entrer short,2025-11-30 11:00,Short,#NUM!,40690667.94,-21403.29134,42.81,-0.20,0,0.00,0,0.00,1793.46,17.93
43,Sortir du short,2025-11-30 17:00,Exit Short,#NUM!,50818536.09,-17024.20959,34.05,-0.20,0,0.00,0,0.00,1827.51,18.28
43,Entrer short,2025-11-30 17:00,Short,#NUM!,50818536.09,-17024.20959,34.05,-0.20,0,0.00,0,0.00,1827.51,18.28
44,Sortir du short,2025-12-01 01:00,Exit Short,#NUM!,36963844.33,-29164.47318,58.33,-0.20,0,0.00,0,0.00,1885.84,18.86
44,Entrer short,2025-12-01 01:00,Short,#NUM!,36963844.33,-29164.47318,58.33,-0.20,0,0.00,0,0.00,1885.84,18.86
45,Sortir du short,2025-12-01 03:00,Exit Short,#NUM!,32404130.41,-22715.29542,45.43,-0.20,0,0.00,0,0.00,1931.27,19.31
45,Entrer short,2025-12-01 03:00,Short,#NUM!,32404130.41,-22715.29542,45.43,-0.20,0,0.00,0,0.00,1931.27,19.31
46,Sortir du short,2025-12-01 05:00,Exit Short,#NUM!,34493894.47,-26180.8659,52.36,-0.20,0,0.00,0,0.00,1983.63,19.84
46,Entrer short,2025-12-01 05:00,Short,#NUM!,34493894.47,-26180.8659,52.36,-0.20,0,0.00,0,0.00,1983.63,19.84
47,Sortir du short,2025-12-01 09:00,Exit Short,#NUM!,37234157.31,-25728.8027,51.46,-0.20,0,0.00,0,0.00,2035.09,20.35
47,Entrer short,2025-12-01 09:00,Short,#NUM!,37234157.31,-25728.8027,51.46,-0.20,0,0.00,0,0.00,2035.09,20.35
48,Sortir du short,2025-12-01 11:00,Exit Short,#NUM!,29684375.95,-17335.67556,34.67,-0.20,0,0.00,0,0.00,2069.76,20.70
48,Entrer short,2025-12-01 11:00,Short,#NUM!,29684375.95,-17335.67556,34.67,-0.20,0,0.00,0,0.00,2069.76,20.70
49,Sortir du short,2025-12-01 23:00,Exit Short,#NUM!,35945429.49,-25988.54552,51.98,-0.20,0,0.00,0,0.00,2121.73,21.22
49,Entrer short,2025-12-01 23:00,Short,#NUM!,35945429.49,-25988.54552,51.98,-0.20,0,0.00,0,0.00,2121.73,21.22
50,Sortir du short,2025-12-02 01:00,Exit Short,#NUM!,36962138.76,-26243.11852,52.49,-0.20,0,0.00,0,0.00,2174.22,21.74
50,Entrer short,2025-12-02 01:00,Short,#NUM!,36962138.76,-26243.11852,52.49,-0.20,0,0.00,0,0.00,2174.22,21.74
51,Sortir du short,2025-12-02 03:00,Exit Short,#NUM!,40627453.72,-20110.58959,40.22,-0.20,0,0.00,0,0.00,2214.44,22.14
51,Entrer short,2025-12-02 03:00,Short,#NUM!,40627453.72,-20110.58959,40.22,-0.20,0,0.00,0,0.00,2214.44,22.14
52,Sortir du short,2025-12-02 09:00,Exit Short,#NUM!,33146379.44,-22373.80612,44.75,-0.20,0,0.00,0,0.00,2259.19,22.59
52,Entrer short,2025-12-02 09:00,Short,#NUM!,33146379.44,-22373.80612,44.75,-0.20,0,0.00,0,0.00,2259.19,22.59
53,Sortir du short,2025-12-02 11:00,Exit Short,#NUM!,34352935.14,-23806.58405,47.61,-0.20,0,0.00,0,0.00,2306.8,23.07
53,Entrer short,2025-12-02 11:00,Short,#NUM!,34352935.14,-23806.58405,47.61,-0.20,0,0.00,0,0.00,2306.8,23.07
54,Sortir du short,2025-12-02 13:00,Exit Short,#NUM!,44459382.26,-24497.11962,48.99,-0.20,0,0.00,0,0.00,2355.8,23.56
54,Entrer short,2025-12-02 13:00,Short,#NUM!,44459382.26,-24497.11962,48.99,-0.20,0,0.00,0,0.00,2355.8,23.56
55,Sortir du short,2025-12-02 15:00,Exit Short,#NUM!,40878038.25,-22033.26262,44.07,-0.20,0,0.00,0,0.00,2399.86,24.00
55,Entrer short,2025-12-02 15:00,Short,#NUM!,40878038.25,-22033.26262,44.07,-0.20,0,0.00,0,0.00,2399.86,24.00
56,Sortir du short,2025-12-03 07:00,Exit Short,#NUM!,43931417.93,-18319.40128,36.64,-0.20,0,0.00,0,0.00,2436.5,24.37
56,Entrer short,2025-12-03 07:00,Short,#NUM!,43931417.93,-18319.40128,36.64,-0.20,0,0.00,0,0.00,2436.5,24.37
57,Sortir du short,2025-12-03 09:00,Exit Short,#NUM!,66535597.3,-22888.24547,45.78,-0.20,0,0.00,0,0.00,2482.28,24.82
57,Entrer short,2025-12-03 09:00,Short,#NUM!,66535597.3,-22888.24547,45.78,-0.20,0,0.00,0,0.00,2482.28,24.82
58,Sortir du short,2025-12-03 11:00,Exit Short,#NUM!,65732524.08,-29711.10089,59.42,-0.20,0,0.00,0,0.00,2541.7,25.42
58,Entrer short,2025-12-03 11:00,Short,#NUM!,65732524.08,-29711.10089,59.42,-0.20,0,0.00,0,0.00,2541.7,25.42
59,Sortir du short,2025-12-03 13:00,Exit Short,#NUM!,54655074.14,-25086.67903,50.17,-0.20,0,0.00,0,0.00,2591.87,25.92
59,Entrer short,2025-12-03 13:00,Short,#NUM!,54655074.14,-25086.67903,50.17,-0.20,0,0.00,0,0.00,2591.87,25.92
60,Sortir du short,2025-12-03 15:00,Exit Short,#NUM!,46031340.6,-17307.78407,34.62,-0.20,0,0.00,0,0.00,2626.49,26.26
60,Entrer short,2025-12-03 15:00,Short,#NUM!,46031340.6,-17307.78407,34.62,-0.20,0,0.00,0,0.00,2626.49,26.26
61,Sortir du short,2025-12-04 03:00,Exit Short,#NUM!,49484593.15,-25583.53466,51.17,-0.20,0,0.00,0,0.00,2677.66,26.78
61,Entrer short,2025-12-04 03:00,Short,#NUM!,49484593.15,-25583.53466,51.17,-0.20,0,0.00,0,0.00,2677.66,26.78
62,Sortir du short,2025-12-04 05:00,Exit Short,#NUM!,52845585.07,-23040.67509,46.08,-0.20,0,0.00,0,0.00,2723.74,27.24
62,Entrer short,2025-12-04 05:00,Short,#NUM!,52845585.07,-23040.67509,46.08,-0.20,0,0.00,0,0.00,2723.74,27.24
63,Sortir du short,2025-12-04 09:00,Exit Short,#NUM!,49110281.21,-20724.53867,41.45,-0.20,0,0.00,0,0.00,2765.19,27.65
63,Entrer short,2025-12-04 09:00,Short,#NUM!,49110281.21,-20724.53867,41.45,-0.20,0,0.00,0,0.00,2765.19,27.65
64,Sortir du short,2025-12-04 21:00,Exit Short,#NUM!,65509526.25,-25876.26287,51.75,-0.20,0,0.00,0,0.00,2816.94,28.17
64,Entrer short,2025-12-04 21:00,Short,#NUM!,65509526.25,-25876.26287,51.75,-0.20,0,0.00,0,0.00,2816.94,28.17
65,Sortir du short,2025-12-04 23:00,Exit Short,#NUM!,72163385.01,-27638.57646,55.28,-0.20,0,0.00,0,0.00,2872.22,28.72
65,Entrer short,2025-12-04 23:00,Short,#NUM!,72163385.01,-27638.57646,55.28,-0.20,0,0.00,0,0.00,2872.22,28.72
66,Sortir du short,2025-12-05 03:00,Exit Short,#NUM!,41176596.92,-20958.88783,41.92,-0.20,0,0.00,0,0.00,2914.13,29.14
66,Entrer short,2025-12-05 03:00,Short,#NUM!,41176596.92,-20958.88783,41.92,-0.20,0,0.00,0,0.00,2914.13,29.14
67,Sortir du short,2025-12-05 05:00,Exit Short,#NUM!,47714373.43,-28103.76595,56.21,-0.20,0,0.00,0,0.00,2970.34,29.70
67,Entrer short,2025-12-05 05:00,Short,#NUM!,47714373.43,-28103.76595,56.21,-0.20,0,0.00,0,0.00,2970.34,29.70
68,Sortir du short,2025-12-05 09:00,Exit Short,#NUM!,61131834.25,-24391.60186,48.78,-0.20,0,0.00,0,0.00,3019.12,30.19
68,Entrer short,2025-12-05 09:00,Short,#NUM!,61131834.25,-24391.60186,48.78,-0.20,0,0.00,0,0.00,3019.12,30.19
69,Sortir du short,2025-12-05 11:00,Exit Short,#NUM!,52172495.29,-32086.08461,64.17,-0.20,0,0.00,0,0.00,3083.3,30.83
69,Entrer short,2025-12-05 11:00,Short,#NUM!,52172495.29,-32086.08461,64.17,-0.20,0,0.00,0,0.00,3083.3,30.83
70,Sortir du short,2025-12-05 19:00,Exit Short,#NUM!,52337373.57,-37159.53523,74.32,-0.20,0,0.00,0,0.00,3157.62,31.58
70,Entrer short,2025-12-05 19:00,Short,#NUM!,52337373.57,-37159.53523,74.32,-0.20,0,0.00,0,0.00,3157.62,31.58
71,Sortir du short,2025-12-05 21:00,Exit Short,#NUM!,43098038.67,-31763.2545,63.53,-0.20,0,0.00,0,0.00,3221.14,32.21
71,Entrer short,2025-12-05 21:00,Short,#NUM!,43098038.67,-31763.2545,63.53,-0.20,0,0.00,0,0.00,3221.14,32.21
72,Sortir du short,2025-12-06 01:00,Exit Short,#NUM!,44116060.68,-25719.66337,51.44,-0.20,0,0.00,0,0.00,3272.58,32.73
72,Entrer short,2025-12-06 01:00,Short,#NUM!,44116060.68,-25719.66337,51.44,-0.20,0,0.00,0,0.00,3272.58,32.73
73,Sortir du short,2025-12-06 03:00,Exit Short,#NUM!,52910430.74,-29418.19949,58.84,-0.20,0,0.00,0,0.00,3331.42,33.31
73,Entrer short,2025-12-06 03:00,Short,#NUM!,52910430.74,-29418.19949,58.84,-0.20,0,0.00,0,0.00,3331.42,33.31
74,Sortir du short,2025-12-06 05:00,Exit Short,#NUM!,46516575.48,-26793.54748,53.59,-0.20,0,0.00,0,0.00,3385.01,33.85
74,Entrer short,2025-12-06 05:00,Short,#NUM!,46516575.48,-26793.54748,53.59,-0.20,0,0.00,0,0.00,3385.01,33.85
75,Sortir du short,2025-12-06 07:00,Exit Short,#NUM!,48777395.3,-26778.79002,53.56,-0.20,0,0.00,0,0.00,3438.56,34.39
75,Entrer short,2025-12-06 07:00,Short,#NUM!,48777395.3,-26778.79002,53.56,-0.20,0,0.00,0,0.00,3438.56,34.39
76,Sortir du short,2025-12-06 13:00,Exit Short,#NUM!,43304801.82,-25160.08986,50.32,-0.20,0,0.00,0,0.00,3488.88,34.89
76,Entrer short,2025-12-06 13:00,Short,#NUM!,43304801.82,-25160.08986,50.32,-0.20,0,0.00,0,0.00,3488.88,34.89
77,Sortir du short,2025-12-07 03:00,Exit Short,#NUM!,33208308.44,-14445.61417,28.89,-0.20,0,0.00,0,0.00,3517.77,35.18
77,Entrer short,2025-12-07 03:00,Short,#NUM!,33208308.44,-14445.61417,28.89,-0.20,0,0.00,0,0.00,3517.77,35.18
78,Sortir du short,2025-12-07 15:00,Exit Short,#NUM!,39890148.38,-25609.47526,51.22,-0.20,0,0.00,0,0.00,3568.99,35.69
78,Entrer short,2025-12-07 15:00,Short,#NUM!,39890148.38,-25609.47526,51.22,-0.20,0,0.00,0,0.00,3568.99,35.69
79,Sortir du short,2025-12-07 17:00,Exit Short,#NUM!,46948283.8,-30985.86731,61.97,-0.20,0,0.00,0,0.00,3630.96,36.31
79,Entrer short,2025-12-07 17:00,Short,#NUM!,46948283.8,-30985.86731,61.97,-0.20,0,0.00,0,0.00,3630.96,36.31
80,Sortir du short,2025-12-07 19:00,Exit Short,#NUM!,37815995.67,-27681.30883,55.36,-0.20,0,0.00,0,0.00,3686.33,36.86
80,Entrer short,2025-12-07 19:00,Short,#NUM!,37815995.67,-27681.30883,55.36,-0.20,0,0.00,0,0.00,3686.33,36.86
81,Sortir du short,2025-12-08 01:00,Exit Short,#NUM!,45937292.82,-26965.19088,53.93,-0.20,0,0.00,0,0.00,3740.26,37.40
81,Entrer short,2025-12-08 01:00,Short,#NUM!,45937292.82,-26965.19088,53.93,-0.20,0,0.00,0,0.00,3740.26,37.40
82,Sortir du short,2025-12-08 15:00,Exit Short,#NUM!,55939980.53,-34179.3281,68.36,-0.20,0,0.00,0,0.00,3808.62,38.09
82,Entrer short,2025-12-08 15:00,Short,#NUM!,55939980.53,-34179.3281,68.36,-0.20,0,0.00,0,0.00,3808.62,38.09
83,Sortir du short,2025-12-08 17:00,Exit Short,#NUM!,34687172.18,-25252.26135,50.5,-0.20,0,0.00,0,0.00,3859.12,38.59
83,Entrer short,2025-12-08 17:00,Short,#NUM!,34687172.18,-25252.26135,50.5,-0.20,0,0.00,0,0.00,3859.12,38.59
84,Sortir du short,2025-12-08 19:00,Exit Short,#NUM!,43970687.19,-17412.39213,34.82,-0.20,0,0.00,0,0.00,3893.95,38.94
84,Entrer short,2025-12-08 19:00,Short,#NUM!,43970687.19,-17412.39213,34.82,-0.20,0,0.00,0,0.00,3893.95,38.94
85,Sortir du short,2025-12-08 21:00,Exit Short,#NUM!,38638298.29,-26003.57475,52.01,-0.20,0,0.00,0,0.00,3945.95,39.46
85,Entrer short,2025-12-08 21:00,Short,#NUM!,38638298.29,-26003.57475,52.01,-0.20,0,0.00,0,0.00,3945.95,39.46
86,Sortir du short,2025-12-08 23:00,Exit Short,#NUM!,40337699.45,-24283.29507,48.57,-0.20,0,0.00,0,0.00,3994.52,39.95
86,Entrer short,2025-12-08 23:00,Short,#NUM!,40337699.45,-24283.29507,48.57,-0.20,0,0.00,0,0.00,3994.52,39.95
87,Sortir du short,2025-12-09 11:00,Exit Short,#NUM!,41569319.99,-26521.22615,53.04,-0.20,0,0.00,0,0.00,4047.56,40.48
87,Entrer short,2025-12-09 11:00,Short,#NUM!,41569319.99,-26521.22615,53.04,-0.20,0,0.00,0,0.00,4047.56,40.48
88,Sortir du short,2025-12-09 15:00,Exit Short,#NUM!,51165768.98,-25889.8791,51.78,-0.20,0,0.00,0,0.00,4099.34,40.99
88,Entrer short,2025-12-09 15:00,Short,#NUM!,51165768.98,-25889.8791,51.78,-0.20,0,0.00,0,0.00,4099.34,40.99
89,Sortir du short,2025-12-10 03:00,Exit Short,#NUM!,47877961.97,-23364.44544,46.73,-0.20,0,0.00,0,0.00,4146.07,41.46
89,Entrer short,2025-12-10 03:00,Short,#NUM!,47877961.97,-23364.44544,46.73,-0.20,0,0.00,0,0.00,4146.07,41.46
90,Sortir du short,2025-12-10 05:00,Exit Short,#NUM!,48221678.59,-24014.39594,48.03,-0.20,0,0.00,0,0.00,4194.1,41.94
90,Entrer short,2025-12-10 05:00,Short,#NUM!,48221678.59,-24014.39594,48.03,-0.20,0,0.00,0,0.00,4194.1,41.94
91,Sortir du short,2025-12-10 07:00,Exit Short,#NUM!,57503238.19,-21736.22403,43.47,-0.20,0,0.00,0,0.00,4237.57,42.38
91,Entrer short,2025-12-10 07:00,Short,#NUM!,57503238.19,-21736.22403,43.47,-0.20,0,0.00,0,0.00,4237.57,42.38
92,Sortir du short,2025-12-10 09:00,Exit Short,#NUM!,55757085.42,-15611.98392,31.22,-0.20,0,0.00,0,0.00,4268.8,42.69
92,Entrer short,2025-12-10 09:00,Short,#NUM!,55757085.42,-15611.98392,31.22,-0.20,0,0.00,0,0.00,4268.8,42.69
93,Sortir du short,2025-12-10 11:00,Exit Short,#NUM!,56589643.77,-40348.41601,80.7,-0.20,0,0.00,0,0.00,4349.49,43.49
93,Entrer short,2025-12-10 11:00,Short,#NUM!,56589643.77,-40348.41601,80.7,-0.20,0,0.00,0,0.00,4349.49,43.49
94,Sortir du short,2025-12-10 13:00,Exit Short,#NUM!,59013767.19,-30392.0901,60.78,-0.20,0,0.00,0,0.00,4410.28,44.10
94,Entrer short,2025-12-10 13:00,Short,#NUM!,59013767.19,-30392.0901,60.78,-0.20,0,0.00,0,0.00,4410.28,44.10
95,Sortir du short,2025-12-10 15:00,Exit Short,#NUM!,54293377.32,-29046.95687,58.09,-0.20,0,0.00,0,0.00,4468.37,44.68
95,Entrer short,2025-12-10 15:00,Short,#NUM!,54293377.32,-29046.95687,58.09,-0.20,0,0.00,0,0.00,4468.37,44.68
96,Sortir du short,2025-12-10 23:00,Exit Short,#NUM!,50571026.41,-16840.15179,33.68,-0.20,0,0.00,0,0.00,4502.05,45.02
96,Entrer short,2025-12-10 23:00,Short,#NUM!,50571026.41,-16840.15179,33.68,-0.20,0,0.00,0,0.00,4502.05,45.02
97,Sortir du short,2025-12-11 01:00,Exit Short,#NUM!,39793244.23,-18861.99776,37.72,-0.20,0,0.00,0,0.00,4539.77,45.40
97,Entrer short,2025-12-11 01:00,Short,#NUM!,39793244.23,-18861.99776,37.72,-0.20,0,0.00,0,0.00,4539.77,45.40
98,Sortir du short,2025-12-11 03:00,Exit Short,#NUM!,41625465.09,-24725.52626,49.45,-0.20,0,0.00,0,0.00,4589.23,45.89
98,Entrer short,2025-12-11 03:00,Short,#NUM!,41625465.09,-24725.52626,49.45,-0.20,0,0.00,0,0.00,4589.23,45.89
99,Sortir du short,2025-12-11 05:00,Exit Short,#NUM!,46175743.02,-38418.21819,76.84,-0.20,0,0.00,0,0.00,4666.06,46.66
99,Entrer short,2025-12-11 05:00,Short,#NUM!,46175743.02,-38418.21819,76.84,-0.20,0,0.00,0,0.00,4666.06,46.66
100,Sortir du short,2025-12-11 07:00,Exit Short,#NUM!,38696224.17,-28016.0663,56.03,-0.20,0,0.00,0,0.00,4722.09,47.22
100,Entrer short,2025-12-11 07:00,Short,#NUM!,38696224.17,-28016.0663,56.03,-0.20,0,0.00,0,0.00,4722.09,47.22
101,Sortir du short,2025-12-11 09:00,Exit Short,#NUM!,40137666.17,-28497.74298,57,-0.20,0,0.00,0,0.00,4779.09,47.79
101,Entrer short,2025-12-11 09:00,Short,#NUM!,40137666.17,-28497.74298,57,-0.20,0,0.00,0,0.00,4779.09,47.79
102,Sortir du short,2025-12-12 21:00,Exit Short,#NUM!,48892862.66,-37940.86143,75.88,-0.20,0,0.00,0,0.00,4854.97,48.55
102,Entrer short,2025-12-12 21:00,Short,#NUM!,48892862.66,-37940.86143,75.88,-0.20,0,0.00,0,0.00,4854.97,48.55
103,Sortir du short,2025-12-12 23:00,Exit Short,#NUM!,51964989.72,-27905.19948,55.81,-0.20,0,0.00,0,0.00,4910.78,49.11
103,Entrer short,2025-12-12 23:00,Short,#NUM!,51964989.72,-27905.19948,55.81,-0.20,0,0.00,0,0.00,4910.78,49.11
104,Sortir du short,2025-12-13 01:00,Exit Short,#NUM!,64142052.28,-29184.63379,58.37,-0.20,0,0.00,0,0.00,4969.15,49.69
104,Entrer short,2025-12-13 01:00,Short,#NUM!,64142052.28,-29184.63379,58.37,-0.20,0,0.00,0,0.00,4969.15,49.69
105,Sortir du short,2025-12-13 05:00,Exit Short,#NUM!,58860670.63,-30254.3847,60.51,-0.20,0,0.00,0,0.00,5029.66,50.30
105,Entrer short,2025-12-13 05:00,Short,#NUM!,58860670.63,-30254.3847,60.51,-0.20,0,0.00,0,0.00,5029.66,50.30
106,Sortir du short,2025-12-13 07:00,Exit Short,#NUM!,51195300.08,-30819.57065,61.64,-0.20,0,0.00,0,0.00,5091.3,50.91
106,Entrer short,2025-12-13 07:00,Short,#NUM!,51195300.08,-30819.57065,61.64,-0.20,0,0.00,0,0.00,5091.3,50.91
107,Sortir du short,2025-12-13 09:00,Exit Short,#NUM!,51332696.22,-31877.60435,63.76,-0.20,0,0.00,0,0.00,5155.05,51.55
107,Entrer short,2025-12-13 09:00,Short,#NUM!,51332696.22,-31877.60435,63.76,-0.20,0,0.00,0,0.00,5155.05,51.55
108,Sortir du short,2025-12-13 13:00,Exit Short,#NUM!,49579790.53,-29351.23599,58.7,-0.20,0,0.00,0,0.00,5213.76,52.14
108,Entrer short,2025-12-13 13:00,Short,#NUM!,49579790.53,-29351.23599,58.7,-0.20,0,0.00,0,0.00,5213.76,52.14
109,Sortir du short,2025-12-13 17:00,Exit Short,#NUM!,50123571.51,-30425.00791,60.85,-0.20,0,0.00,0,0.00,5274.61,52.75
109,Entrer short,2025-12-13 17:00,Short,#NUM!,50123571.51,-30425.00791,60.85,-0.20,0,0.00,0,0.00,5274.61,52.75
110,Sortir du short,2025-12-14 01:00,Exit Short,#NUM!,42709448.21,-30964.34995,61.93,-0.20,0,0.00,0,0.00,5336.54,53.37
110,Entrer short,2025-12-14 01:00,Short,#NUM!,42709448.21,-30964.34995,61.93,-0.20,0,0.00,0,0.00,5336.54,53.37
111,Sortir du short,2025-12-14 03:00,Exit Short,#NUM!,46912915.46,-30165.00464,60.33,-0.20,0,0.00,0,0.00,5396.87,53.97
111,Entrer short,2025-12-14 03:00,Short,#NUM!,46912915.46,-30165.00464,60.33,-0.20,0,0.00,0,0.00,5396.87,53.97
112,Sortir du short,2025-12-14 05:00,Exit Short,#NUM!,49502831.78,-31038.27552,62.08,-0.20,0,0.00,0,0.00,5458.94,54.59
112,Entrer short,2025-12-14 05:00,Short,#NUM!,49502831.78,-31038.27552,62.08,-0.20,0,0.00,0,0.00,5458.94,54.59
113,Sortir du short,2025-12-14 09:00,Exit Short,#NUM!,52119628.19,-32001.45171,64,-0.20,0,0.00,0,0.00,5522.95,55.23
113,Entrer short,2025-12-14 09:00,Short,#NUM!,52119628.19,-32001.45171,64,-0.20,0,0.00,0,0.00,5522.95,55.23
114,Sortir du short,2025-12-14 13:00,Exit Short,#NUM!,43750638.3,-34256.74979,68.51,-0.20,0,0.00,0,0.00,5591.46,55.91
114,Entrer short,2025-12-14 13:00,Short,#NUM!,43750638.3,-34256.74979,68.51,-0.20,0,0.00,0,0.00,5591.46,55.91
115,Sortir du short,2025-12-14 19:00,Exit Short,#NUM!,50089821.45,-26096.79697,52.19,-0.20,0,0.00,0,0.00,5643.65,56.44
115,Entrer short,2025-12-14 19:00,Short,#NUM!,50089821.45,-26096.79697,52.19,-0.20,0,0.00,0,0.00,5643.65,56.44
116,Sortir du short,2025-12-14 21:00,Exit Short,#NUM!,50129467.63,-34438.94426,68.88,-0.20,0,0.00,0,0.00,5712.53,57.13
116,Entrer short,2025-12-14 21:00,Short,#NUM!,50129467.63,-34438.94426,68.88,-0.20,0,0.00,0,0.00,5712.53,57.13
117,Sortir du short,2025-12-15 01:00,Exit Short,#NUM!,45046745.9,-25181.13096,50.36,-0.20,0,0.00,0,0.00,5762.89,57.63
117,Entrer short,2025-12-15 01:00,Short,#NUM!,45046745.9,-25181.13096,50.36,-0.20,0,0.00,0,0.00,5762.89,57.63
118,Sortir du short,2025-12-15 03:00,Exit Short,#NUM!,47543749.62,-24342.3998,48.68,-0.20,0,0.00,0,0.00,5811.58,58.12
118,Entrer short,2025-12-15 03:00,Short,#NUM!,47543749.62,-24342.3998,48.68,-0.20,0,0.00,0,0.00,5811.58,58.12
119,Sortir du short,2025-12-15 17:00,Exit Short,#NUM!,53506970.33,-36117.20497,72.23,-0.20,0,0.00,0,0.00,5883.81,58.84
119,Entrer short,2025-12-15 17:00,Short,#NUM!,53506970.33,-36117.20497,72.23,-0.20,0,0.00,0,0.00,5883.81,58.84
120,Sortir du short,2025-12-15 19:00,Exit Short,#NUM!,52869378.32,-35105.26721,70.21,-0.20,0,0.00,0,0.00,5954.02,59.54
120,Entrer short,2025-12-15 19:00,Short,#NUM!,52869378.32,-35105.26721,70.21,-0.20,0,0.00,0,0.00,5954.02,59.54
121,Sortir du short,2025-12-15 21:00,Exit Short,#NUM!,45394856.2,-26555.99088,53.11,-0.20,0,0.00,0,0.00,6007.13,60.07
121,Entrer short,2025-12-15 21:00,Short,#NUM!,45394856.2,-26555.99088,53.11,-0.20,0,0.00,0,0.00,6007.13,60.07
122,Sortir du short,2025-12-15 23:00,Exit Short,#NUM!,51366656.05,-12995.76398,25.99,-0.20,0,0.00,0,0.00,6033.13,60.33
122,Entrer short,2025-12-15 23:00,Short,#NUM!,51366656.05,-12995.76398,25.99,-0.20,0,0.00,0,0.00,6033.13,60.33
123,Sortir du short,2025-12-16 01:00,Exit Short,#NUM!,50198424.27,-30872.03093,61.74,-0.20,0,0.00,0,0.00,6094.87,60.95
123,Entrer short,2025-12-16 01:00,Short,#NUM!,50198424.27,-30872.03093,61.74,-0.20,0,0.00,0,0.00,6094.87,60.95
124,Sortir du short,2025-12-16 03:00,Exit Short,#NUM!,50536516.52,-27087.57286,54.18,-0.20,0,0.00,0,0.00,6149.05,61.49
124,Entrer short,2025-12-16 03:00,Short,#NUM!,50536516.52,-27087.57286,54.18,-0.20,0,0.00,0,0.00,6149.05,61.49
125,Sortir du short,2025-12-16 07:00,Exit Short,#NUM!,50755228.81,-29285.76703,58.57,-0.20,0,0.00,0,0.00,6207.62,62.08
125,Entrer short,2025-12-16 07:00,Short,#NUM!,50755228.81,-29285.76703,58.57,-0.20,0,0.00,0,0.00,6207.62,62.08
126,Sortir du short,2025-12-16 09:00,Exit Short,#NUM!,47912545.89,-29178.74045,58.36,-0.20,0,0.00,0,0.00,6265.97,62.66
126,Entrer short,2025-12-16 09:00,Short,#NUM!,47912545.89,-29178.74045,58.36,-0.20,0,0.00,0,0.00,6265.97,62.66
127,Sortir du short,2025-12-16 15:00,Exit Short,#NUM!,36291775.87,-28851.96181,57.7,-0.20,0,0.00,0,0.00,6323.68,63.24
127,Entrer short,2025-12-16 15:00,Short,#NUM!,36291775.87,-28851.96181,57.7,-0.20,0,0.00,0,0.00,6323.68,63.24
128,Sortir du short,2025-12-17 01:00,Exit Short,#NUM!,52979172.93,-12609.04316,25.22,-0.20,0,0.00,0,0.00,6348.9,63.49
128,Entrer short,2025-12-17 01:00,Short,#NUM!,52979172.93,-12609.04316,25.22,-0.20,0,0.00,0,0.00,6348.9,63.49
129,Sortir du short,2025-12-17 05:00,Exit Short,#NUM!,59001050.01,-19529.34755,39.06,-0.20,0,0.00,0,0.00,6387.95,63.88
129,Entrer short,2025-12-17 05:00,Short,#NUM!,59001050.01,-19529.34755,39.06,-0.20,0,0.00,0,0.00,6387.95,63.88
130,Sortir du short,2025-12-17 13:00,Exit Short,#NUM!,55390910.05,-29301.79142,58.6,-0.20,0,0.00,0,0.00,6446.56,64.47
130,Entrer short,2025-12-17 13:00,Short,#NUM!,55390910.05,-29301.79142,58.6,-0.20,0,0.00,0,0.00,6446.56,64.47
131,Sortir du short,2025-12-17 17:00,Exit Short,#NUM!,57052618.14,-39480.41175,78.96,-0.20,0,0.00,0,0.00,6525.52,65.26
131,Entrer short,2025-12-17 17:00,Short,#NUM!,57052618.14,-39480.41175,78.96,-0.20,0,0.00,0,0.00,6525.52,65.26
132,Sortir du short,2025-12-17 19:00,Exit Short,#NUM!,60669710.35,-30516.86431,61.03,-0.20,0,0.00,0,0.00,6586.55,65.87
132,Entrer short,2025-12-17 19:00,Short,#NUM!,60669710.35,-30516.86431,61.03,-0.20,0,0.00,0,0.00,6586.55,65.87
133,Sortir du short,2026-01-26 15:00,Exit Short,#NUM!,57372071.68,-32070.98807,64.14,-0.20,0,0.00,0,0.00,6650.7,66.51
133,Entrer short,2026-01-26 15:00,Short,#NUM!,57372071.68,-32070.98807,64.14,-0.20,0,0.00,0,0.00,6650.7,66.51
134,Sortir du short,2026-01-26 17:00,Exit Short,#NUM!,58303814.13,-31075.93293,62.15,-0.20,0,0.00,0,0.00,6712.85,67.13
134,Entrer short,2026-01-26 17:00,Short,#NUM!,58303814.13,-31075.93293,62.15,-0.20,0,0.00,0,0.00,6712.85,67.13
135,Sortir du short,2026-01-26 23:00,Exit Short,#NUM!,65437927.27,-20678.38502,41.36,-0.20,0,0.00,0,0.00,6754.2,67.54
135,Entrer short,2026-01-26 23:00,Short,#NUM!,65437927.27,-20678.38502,41.36,-0.20,0,0.00,0,0.00,6754.2,67.54
136,Sortir du short,2026-01-27 15:00,Exit Short,#NUM!,66384830,-26620.31683,53.24,-0.20,0,0.00,0,0.00,6807.44,68.07
136,Entrer short,2026-01-27 15:00,Short,#NUM!,66384830,-26620.31683,53.24,-0.20,0,0.00,0,0.00,6807.44,68.07
137,Sortir du short,2026-01-27 17:00,Exit Short,#NUM!,80651858.39,-39680.71433,79.36,-0.20,0,0.00,0,0.00,6886.81,68.87
137,Entrer short,2026-01-27 17:00,Short,#NUM!,80651858.39,-39680.71433,79.36,-0.20,0,0.00,0,0.00,6886.81,68.87
138,Sortir du short,2026-01-27 19:00,Exit Short,#NUM!,49118107.79,-26081.71523,52.16,-0.20,0,0.00,0,0.00,6938.97,69.39
138,Entrer short,2026-01-27 19:00,Short,#NUM!,49118107.79,-26081.71523,52.16,-0.20,0,0.00,0,0.00,6938.97,69.39
139,Sortir du short,2026-01-28 01:00,Exit Short,#NUM!,68066257.69,-34169.26136,68.34,-0.20,0,0.00,0,0.00,7007.31,70.07
139,Entrer short,2026-01-28 01:00,Short,#NUM!,68066257.69,-34169.26136,68.34,-0.20,0,0.00,0,0.00,7007.31,70.07
140,Sortir du short,2026-01-28 03:00,Exit Short,#NUM!,55824809.74,-34053.13394,68.11,-0.20,0,0.00,0,0.00,7075.41,70.75
140,Entrer short,2026-01-28 03:00,Short,#NUM!,55824809.74,-34053.13394,68.11,-0.20,0,0.00,0,0.00,7075.41,70.75
141,Sortir du short,2026-01-28 05:00,Exit Short,#NUM!,67754200.77,-31844.47436,63.69,-0.20,0,0.00,0,0.00,7139.1,71.39
141,Entrer short,2026-01-28 05:00,Short,#NUM!,67754200.77,-31844.47436,63.69,-0.20,0,0.00,0,0.00,7139.1,71.39
142,Sortir du short,2026-01-28 13:00,Exit Short,#NUM!,78112720.77,-32260.55368,64.52,-0.20,0,0.00,0,0.00,7203.62,72.04
142,Entrer short,2026-01-28 13:00,Short,#NUM!,78112720.77,-32260.55368,64.52,-0.20,0,0.00,0,0.00,7203.62,72.04
143,Sortir du short,2026-01-28 15:00,Exit Short,#NUM!,73060787.93,-37114.88027,74.23,-0.20,0,0.00,0,0.00,7277.85,72.78
143,Entrer short,2026-01-28 15:00,Short,#NUM!,73060787.93,-37114.88027,74.23,-0.20,0,0.00,0,0.00,7277.85,72.78
144,Sortir du short,2026-01-28 17:00,Exit Short,#NUM!,56557836.57,-25224.79511,50.45,-0.20,0,0.00,0,0.00,7328.3,73.28
144,Entrer short,2026-01-28 17:00,Short,#NUM!,56557836.57,-25224.79511,50.45,-0.20,0,0.00,0,0.00,7328.3,73.28
145,Sortir du short,2026-01-28 19:00,Exit Short,#NUM!,30525579.5,-12301.80854,24.6,-0.20,0,0.00,0,0.00,7352.91,73.53
145,Entrer short,2026-01-28 19:00,Short,#NUM!,30525579.5,-12301.80854,24.6,-0.20,0,0.00,0,0.00,7352.91,73.53
146,Sortir du short,2026-01-28 21:00,Exit Short,#NUM!,51613297.35,-33703.48317,67.41,-0.20,0,0.00,0,0.00,7420.31,74.20
146,Entrer short,2026-01-28 21:00,Short,#NUM!,51613297.35,-33703.48317,67.41,-0.20,0,0.00,0,0.00,7420.31,74.20
147,Sortir du short,2026-01-28 23:00,Exit Short,#NUM!,26571761.02,0,24789.65,,24764.88,0.00,0,0.00,32209.96,322.10
147,Entrer short,2026-01-28 23:00,Short,0,26571761.02,0,24789.65,,24764.88,0.00,0,0.00,32209.96,322.10
148,Sortir du short,2026-01-29 17:00,Exit Short,#NUM!,101441864.5,-70603.5377,141.21,-0.20,0,0.00,0,0.00,32351.17,323.51
148,Entrer short,2026-01-29 17:00,Short,#NUM!,101441864.5,-70603.5377,141.21,-0.20,0,0.00,0,0.00,32351.17,323.51
149,Sortir du short,2026-01-29 19:00,Exit Short,#NUM!,103977724.3,-60826.96874,121.65,-0.20,0,0.00,0,0.00,32472.82,324.73
149,Entrer short,2026-01-29 19:00,Short,#NUM!,103977724.3,-60826.96874,121.65,-0.20,0,0.00,0,0.00,32472.82,324.73
150,Sortir du short,2026-01-29 21:00,Exit Short,#NUM!,98056818.93,-40007.18212,80.01,-0.20,0,0.00,0,0.00,32552.84,325.53
150,Entrer short,2026-01-29 21:00,Short,#NUM!,98056818.93,-40007.18212,80.01,-0.20,0,0.00,0,0.00,32552.84,325.53
151,Sortir du short,2026-01-29 23:00,Exit Short,#NUM!,121475407.4,-91106.55552,182.21,-0.20,0,0.00,0,0.00,32735.05,327.35
151,Entrer short,2026-01-29 23:00,Short,#NUM!,121475407.4,-91106.55552,182.21,-0.20,0,0.00,0,0.00,32735.05,327.35
152,Sortir du short,2026-01-30 05:00,Exit Short,#NUM!,106203057.5,-78802.66867,157.61,-0.20,0,0.00,0,0.00,32892.65,328.93
152,Entrer short,2026-01-30 05:00,Short,#NUM!,106203057.5,-78802.66867,157.61,-0.20,0,0.00,0,0.00,32892.65,328.93
153,Sortir du short,2026-01-30 21:00,Exit Short,#NUM!,150268545.6,-62361.44641,124.72,-0.20,0,0.00,0,0.00,33017.38,330.17
153,Entrer short,2026-01-30 21:00,Short,#NUM!,150268545.6,-62361.44641,124.72,-0.20,0,0.00,0,0.00,33017.38,330.17
154,Sortir du short,2026-01-30 23:00,Exit Short,#NUM!,149301089.9,-184984.0504,369.97,-0.20,0,0.00,0,0.00,33387.34,333.87
154,Entrer short,2026-01-30 23:00,Short,#NUM!,149301089.9,-184984.0504,369.97,-0.20,0,0.00,0,0.00,33387.34,333.87
155,Sortir du short,2026-01-31 03:00,Exit Short,#NUM!,133134937.1,-88801.00303,177.6,-0.20,0,0.00,0,0.00,33564.95,335.65
155,Entrer short,2026-01-31 03:00,Short,#NUM!,133134937.1,-88801.00303,177.6,-0.20,0,0.00,0,0.00,33564.95,335.65
156,Sortir du short,2026-01-31 05:00,Exit Short,#NUM!,120881107.3,-86188.22947,172.38,-0.20,0,0.00,0,0.00,33737.32,337.37
156,Entrer short,2026-01-31 05:00,Short,#NUM!,120881107.3,-86188.22947,172.38,-0.20,0,0.00,0,0.00,33737.32,337.37
157,Sortir du short,2026-01-31 07:00,Exit Short,#NUM!,127161864,-89140.46663,178.28,-0.20,0,0.00,0,0.00,33915.61,339.16
157,Entrer short,2026-01-31 07:00,Short,#NUM!,127161864,-89140.46663,178.28,-0.20,0,0.00,0,0.00,33915.61,339.16
158,Sortir du short,2026-01-31 17:00,Exit Short,#NUM!,126100051.8,-72507.52979,145.02,-0.20,0,0.00,0,0.00,34060.62,340.61
158,Entrer short,2026-01-31 17:00,Short,#NUM!,126100051.8,-72507.52979,145.02,-0.20,0,0.00,0,0.00,34060.62,340.61
159,Sortir du short,2026-01-31 21:00,Exit Short,#NUM!,65692013.9,-64181.09758,128.36,-0.20,0,0.00,0,0.00,34188.98,341.89
159,Entrer short,2026-01-31 21:00,Short,#NUM!,65692013.9,-64181.09758,128.36,-0.20,0,0.00,0,0.00,34188.98,341.89
160,Sortir du short,2026-01-31 23:00,Exit Short,#NUM!,61320355.66,-75791.95959,151.58,-0.20,0,0.00,0,0.00,34340.57,343.41
160,Entrer short,2026-01-31 23:00,Short,#NUM!,61320355.66,-75791.95959,151.58,-0.20,0,0.00,0,0.00,34340.57,343.41
161,Sortir du short,2026-02-01 01:00,Exit Short,#NUM!,80346032.97,-104530.1889,209.06,-0.20,0,0.00,0,0.00,34549.63,345.50
161,Entrer short,2026-02-01 01:00,Short,#NUM!,80346032.97,-104530.1889,209.06,-0.20,0,0.00,0,0.00,34549.63,345.50
162,Sortir du short,2026-02-01 17:00,Exit Short,#NUM!,74264847.83,-54510.39831,109.02,-0.20,0,0.00,0,0.00,34658.64,346.59
162,Entrer short,2026-02-01 17:00,Short,#NUM!,74264847.83,-54510.39831,109.02,-0.20,0,0.00,0,0.00,34658.64,346.59
163,Sortir du short,2026-02-02 15:00,Exit Short,#NUM!,125347048.4,-119330.39,238.66,-0.20,0,0.00,0,0.00,34897.31,348.97
163,Entrer short,2026-02-02 15:00,Short,#NUM!,125347048.4,-119330.39,238.66,-0.20,0,0.00,0,0.00,34897.31,348.97
164,Sortir du short,2026-02-02 19:00,Exit Short,#NUM!,124517589.3,-71224.06107,142.45,-0.20,0,0.00,0,0.00,35039.75,350.40
164,Entrer short,2026-02-02 19:00,Short,#NUM!,124517589.3,-71224.06107,142.45,-0.20,0,0.00,0,0.00,35039.75,350.40
165,Sortir du short,2026-02-02 23:00,Exit Short,#NUM!,129077780.4,-83771.47946,167.54,-0.20,0,0.00,0,0.00,35207.3,352.07
165,Entrer short,2026-02-02 23:00,Short,#NUM!,129077780.4,-83771.47946,167.54,-0.20,0,0.00,0,0.00,35207.3,352.07
166,Sortir du short,2026-02-03 05:00,Exit Short,#NUM!,147063429.6,-84120.28171,168.24,-0.20,0,0.00,0,0.00,35375.54,353.76
166,Entrer short,2026-02-03 05:00,Short,#NUM!,147063429.6,-84120.28171,168.24,-0.20,0,0.00,0,0.00,35375.54,353.76
167,Sortir du short,2026-02-03 07:00,Exit Short,#NUM!,142038248.3,-91188.55543,182.38,-0.20,0,0.00,0,0.00,35557.91,355.58
167,Entrer short,2026-02-03 07:00,Short,#NUM!,142038248.3,-91188.55543,182.38,-0.20,0,0.00,0,0.00,35557.91,355.58
168,Sortir du short,2026-02-03 11:00,Exit Short,#NUM!,86159913.62,-87021.51275,174.04,-0.20,0,0.00,0,0.00,35731.96,357.32
168,Entrer short,2026-02-03 11:00,Short,#NUM!,86159913.62,-87021.51275,174.04,-0.20,0,0.00,0,0.00,35731.96,357.32
169,Sortir du short,2026-02-03 13:00,Exit Short,#NUM!,122464609,-91113.66912,182.23,-0.20,0,0.00,0,0.00,35914.19,359.14
169,Entrer short,2026-02-03 13:00,Short,#NUM!,122464609,-91113.66912,182.23,-0.20,0,0.00,0,0.00,35914.19,359.14
170,Sortir du short,2026-02-03 19:00,Exit Short,#NUM!,130210530.7,-58855.15988,117.71,-0.20,0,0.00,0,0.00,36031.9,360.32
170,Entrer short,2026-02-03 19:00,Short,#NUM!,130210530.7,-58855.15988,117.71,-0.20,0,0.00,0,0.00,36031.9,360.32
171,Sortir du short,2026-02-03 21:00,Exit Short,#NUM!,130437076.9,-139698.1093,279.4,-0.20,0,0.00,0,0.00,36311.29,363.11
171,Entrer short,2026-02-03 21:00,Short,#NUM!,130437076.9,-139698.1093,279.4,-0.20,0,0.00,0,0.00,36311.29,363.11
172,Sortir du short,2026-02-03 23:00,Exit Short,#NUM!,126899376.1,-58246.81365,116.49,-0.20,0,0.00,0,0.00,36427.79,364.28
172,Entrer short,2026-02-03 23:00,Short,#NUM!,126899376.1,-58246.81365,116.49,-0.20,0,0.00,0,0.00,36427.79,364.28
173,Sortir du short,2026-02-04 03:00,Exit Short,#NUM!,132448361.7,-101058.0999,202.12,-0.20,0,0.00,0,0.00,36629.9,366.30
173,Entrer short,2026-02-04 03:00,Short,#NUM!,132448361.7,-101058.0999,202.12,-0.20,0,0.00,0,0.00,36629.9,366.30
174,Sortir du short,2026-02-04 05:00,Exit Short,#NUM!,115350598.4,-93433.98471,186.87,-0.20,0,0.00,0,0.00,36816.77,368.17
174,Entrer short,2026-02-04 05:00,Short,#NUM!,115350598.4,-93433.98471,186.87,-0.20,0,0.00,0,0.00,36816.77,368.17
175,Sortir du short,2026-02-04 07:00,Exit Short,#NUM!,84528930.18,-114283.1136,228.57,-0.20,0,0.00,0,0.00,37045.34,370.45
175,Entrer short,2026-02-04 07:00,Short,#NUM!,84528930.18,-114283.1136,228.57,-0.20,0,0.00,0,0.00,37045.34,370.45
176,Sortir du short,2026-02-04 13:00,Exit Short,#NUM!,93040249.28,-53498.14334,107,-0.20,0,0.00,0,0.00,37152.33,371.52
176,Entrer short,2026-02-04 13:00,Short,#NUM!,93040249.28,-53498.14334,107,-0.20,0,0.00,0,0.00,37152.33,371.52
177,Sortir du short,2026-02-04 17:00,Exit Short,#NUM!,73154296.17,-75568.38794,151.14,-0.20,0,0.00,0,0.00,37303.47,373.03
177,Entrer short,2026-02-04 17:00,Short,#NUM!,73154296.17,-75568.38794,151.14,-0.20,0,0.00,0,0.00,37303.47,373.03
178,Sortir du short,2026-02-05 17:00,Exit Short,#NUM!,137185070,-96303.91914,192.61,-0.20,0,0.00,0,0.00,37496.08,374.96
178,Entrer short,2026-02-05 17:00,Short,#NUM!,137185070,-96303.91914,192.61,-0.20,0,0.00,0,0.00,37496.08,374.96
179,Sortir du short,2026-02-05 19:00,Exit Short,#NUM!,103148073.7,-48170.15041,96.34,-0.20,0,0.00,0,0.00,37592.42,375.92
179,Entrer short,2026-02-05 19:00,Short,#NUM!,103148073.7,-48170.15041,96.34,-0.20,0,0.00,0,0.00,37592.42,375.92
180,Sortir du short,2026-02-05 23:00,Exit Short,#NUM!,88933687.23,-60030.23888,120.06,-0.20,0,0.00,0,0.00,37712.48,377.12
180,Entrer short,2026-02-05 23:00,Short,#NUM!,88933687.23,-60030.23888,120.06,-0.20,0,0.00,0,0.00,37712.48,377.12
181,Sortir du short,2026-02-06 03:00,Exit Short,#NUM!,95162309.08,-63473.26016,126.95,-0.20,0,0.00,0,0.00,37839.43,378.39
181,Entrer short,2026-02-06 03:00,Short,#NUM!,95162309.08,-63473.26016,126.95,-0.20,0,0.00,0,0.00,37839.43,378.39
182,Sortir du short,2026-02-06 05:00,Exit Short,#NUM!,108099480.4,-59346.61474,118.69,-0.20,0,0.00,0,0.00,37958.12,379.58
182,Entrer short,2026-02-06 05:00,Short,#NUM!,108099480.4,-59346.61474,118.69,-0.20,0,0.00,0,0.00,37958.12,379.58
183,Sortir du short,2026-02-06 07:00,Exit Short,#NUM!,71929265.2,-67469.65076,134.94,-0.20,0,0.00,0,0.00,38093.06,380.93
183,Entrer short,2026-02-06 07:00,Short,#NUM!,71929265.2,-67469.65076,134.94,-0.20,0,0.00,0,0.00,38093.06,380.93
184,Sortir du short,2026-02-06 09:00,Exit Short,#NUM!,66896722.95,-67632.5869,135.27,-0.20,0,0.00,0,0.00,38228.32,382.28
184,Entrer short,2026-02-06 09:00,Short,#NUM!,66896722.95,-67632.5869,135.27,-0.20,0,0.00,0,0.00,38228.32,382.28
185,Sortir du short,2026-02-06 11:00,Exit Short,#NUM!,75942938.86,-104193.7121,208.39,-0.20,0,0.00,0,0.00,38436.71,384.37
185,Entrer short,2026-02-06 11:00,Short,#NUM!,75942938.86,-104193.7121,208.39,-0.20,0,0.00,0,0.00,38436.71,384.37
186,Sortir du short,2026-02-06 13:00,Exit Short,#NUM!,77822477.79,-149030.045,298.06,-0.20,0,0.00,0,0.00,38734.77,387.35
186,Entrer short,2026-02-06 13:00,Short,#NUM!,77822477.79,-149030.045,298.06,-0.20,0,0.00,0,0.00,38734.77,387.35
187,Sortir du short,2026-02-06 19:00,Exit Short,#NUM!,45116432.39,-73765.36696,147.53,-0.20,0,0.00,0,0.00,38882.3,388.82
187,Entrer short,2026-02-06 19:00,Short,#NUM!,45116432.39,-73765.36696,147.53,-0.20,0,0.00,0,0.00,38882.3,388.82
188,Sortir du short,2026-02-07 21:00,Exit Short,#NUM!,102769475.5,-98658.69644,197.32,-0.20,0,0.00,0,0.00,39079.62,390.80
188,Entrer short,2026-02-07 21:00,Short,#NUM!,102769475.5,-98658.69644,197.32,-0.20,0,0.00,0,0.00,39079.62,390.80
189,Sortir du short,2026-02-07 23:00,Exit Short,#NUM!,106714541.6,-70965.17016,141.93,-0.20,0,0.00,0,0.00,39221.55,392.22
189,Entrer short,2026-02-07 23:00,Short,#NUM!,106714541.6,-70965.17016,141.93,-0.20,0,0.00,0,0.00,39221.55,392.22
190,Sortir du short,2026-02-08 03:00,Exit Short,#NUM!,100918631.5,-96881.88624,193.76,-0.20,0,0.00,0,0.00,39415.31,394.15
190,Entrer short,2026-02-08 03:00,Short,#NUM!,100918631.5,-96881.88624,193.76,-0.20,0,0.00,0,0.00,39415.31,394.15
191,Sortir du short,2026-02-08 05:00,Exit Short,#NUM!,115702340.3,-73239.58139,146.48,-0.20,0,0.00,0,0.00,39561.79,395.62
191,Entrer short,2026-02-08 05:00,Short,#NUM!,115702340.3,-73239.58139,146.48,-0.20,0,0.00,0,0.00,39561.79,395.62
192,Sortir du short,2026-02-08 07:00,Exit Short,#NUM!,108377979,-81066.72827,162.13,-0.20,0,0.00,0,0.00,39723.93,397.24
192,Entrer short,2026-02-08 07:00,Short,#NUM!,108377979,-81066.72827,162.13,-0.20,0,0.00,0,0.00,39723.93,397.24
193,Sortir du short,2026-02-08 09:00,Exit Short,#NUM!,103990139.5,-101598.3663,203.2,-0.20,0,0.00,0,0.00,39927.12,399.27
193,Entrer short,2026-02-08 09:00,Short,#NUM!,103990139.5,-101598.3663,203.2,-0.20,0,0.00,0,0.00,39927.12,399.27
194,Sortir du short,2026-02-08 19:00,Exit Short,#NUM!,90855877.6,-107209.9356,214.42,-0.20,0,0.00,0,0.00,40141.54,401.42
194,Entrer short,2026-02-08 19:00,Short,#NUM!,90855877.6,-107209.9356,214.42,-0.20,0,0.00,0,0.00,40141.54,401.42
195,Sortir du short,2026-02-09 09:00,Exit Short,#NUM!,134723901.7,-98348.44823,196.7,-0.20,0,0.00,0,0.00,40338.24,403.38
195,Entrer short,2026-02-09 09:00,Short,#NUM!,134723901.7,-98348.44823,196.7,-0.20,0,0.00,0,0.00,40338.24,403.38
196,Sortir du short,2026-02-09 11:00,Exit Short,#NUM!,130382922.3,-102089.8281,204.18,-0.20,0,0.00,0,0.00,40542.42,405.42
196,Entrer short,2026-02-09 11:00,Short,#NUM!,130382922.3,-102089.8281,204.18,-0.20,0,0.00,0,0.00,40542.42,405.42
197,Sortir du short,2026-02-09 17:00,Exit Short,#NUM!,148051081,-111038.3107,222.08,-0.20,0,0.00,0,0.00,40764.5,407.64
197,Entrer short,2026-02-09 17:00,Short,#NUM!,148051081,-111038.3107,222.08,-0.20,0,0.00,0,0.00,40764.5,407.64
198,Sortir du short,2026-02-09 21:00,Exit Short,#NUM!,152055517.8,-145973.2971,291.95,-0.20,0,0.00,0,0.00,41056.44,410.56
198,Entrer short,2026-02-09 21:00,Short,#NUM!,152055517.8,-145973.2971,291.95,-0.20,0,0.00,0,0.00,41056.44,410.56
199,Sortir du short,2026-02-09 23:00,Exit Short,#NUM!,140736648.9,-88804.82548,177.61,-0.20,0,0.00,0,0.00,41234.05,412.34
199,Entrer short,2026-02-09 23:00,Short,#NUM!,140736648.9,-88804.82548,177.61,-0.20,0,0.00,0,0.00,41234.05,412.34
200,Sortir du short,2026-02-10 01:00,Exit Short,#NUM!,182029599.8,-102846.7239,205.69,-0.20,0,0.00,0,0.00,41439.75,414.40
200,Entrer short,2026-02-10 01:00,Short,#NUM!,182029599.8,-102846.7239,205.69,-0.20,0,0.00,0,0.00,41439.75,414.40
201,Sortir du short,2026-02-10 05:00,Exit Short,#NUM!,167955544.4,-114377.7258,228.76,-0.20,0,0.00,0,0.00,41668.5,416.69
201,Entrer short,2026-02-10 05:00,Short,#NUM!,167955544.4,-114377.7258,228.76,-0.20,0,0.00,0,0.00,41668.5,416.69
202,Sortir du short,2026-02-10 15:00,Exit Short,#NUM!,168939641.8,-128056.2485,256.11,-0.20,0,0.00,0,0.00,41924.61,419.25
202,Entrer short,2026-02-10 15:00,Short,#NUM!,168939641.8,-128056.2485,256.11,-0.20,0,0.00,0,0.00,41924.61,419.25
203,Sortir du short,2026-02-10 17:00,Exit Short,#NUM!,126642307.6,-69906.55381,139.81,-0.20,0,0.00,0,0.00,42064.43,420.64
203,Entrer short,2026-02-10 17:00,Short,#NUM!,126642307.6,-69906.55381,139.81,-0.20,0,0.00,0,0.00,42064.43,420.64
204,Sortir du short,2026-02-11 01:00,Exit Short,#NUM!,189404389.7,-103983.0099,207.97,-0.20,0,0.00,0,0.00,42272.39,422.72
204,Entrer short,2026-02-11 01:00,Short,#NUM!,189404389.7,-103983.0099,207.97,-0.20,0,0.00,0,0.00,42272.39,422.72
205,Sortir du short,2026-02-11 03:00,Exit Short,#NUM!,181741157.3,-91415.80214,182.83,-0.20,0,0.00,0,0.00,42455.22,424.55
205,Entrer short,2026-02-11 03:00,Short,#NUM!,181741157.3,-91415.80214,182.83,-0.20,0,0.00,0,0.00,42455.22,424.55
206,Sortir du short,2026-02-11 05:00,Exit Short,#NUM!,168639200.4,-115517.8523,231.04,-0.20,0,0.00,0,0.00,42686.26,426.86
206,Entrer short,2026-02-11 05:00,Short,#NUM!,168639200.4,-115517.8523,231.04,-0.20,0,0.00,0,0.00,42686.26,426.86
207,Sortir du short,2026-02-11 07:00,Exit Short,#NUM!,168439716.7,-74450.35478,148.9,-0.20,0,0.00,0,0.00,42835.16,428.35
207,Entrer short,2026-02-11 07:00,Short,#NUM!,168439716.7,-74450.35478,148.9,-0.20,0,0.00,0,0.00,42835.16,428.35
208,Sortir du short,2026-02-11 09:00,Exit Short,#NUM!,142907806.5,-86887.94637,173.78,-0.20,0,0.00,0,0.00,43008.94,430.09
208,Entrer short,2026-02-11 09:00,Short,#NUM!,142907806.5,-86887.94637,173.78,-0.20,0,0.00,0,0.00,43008.94,430.09
209,Sortir du short,2026-02-11 17:00,Exit Short,#NUM!,141995193.3,-129073.6307,258.15,-0.20,0,0.00,0,0.00,43267.08,432.67
209,Entrer short,2026-02-11 17:00,Short,#NUM!,141995193.3,-129073.6307,258.15,-0.20,0,0.00,0,0.00,43267.08,432.67
210,Sortir du short,2026-02-11 21:00,Exit Short,#NUM!,134619919.5,-108638.275,217.28,-0.20,0,0.00,0,0.00,43484.36,434.84
210,Entrer short,2026-02-11 21:00,Short,#NUM!,134619919.5,-108638.275,217.28,-0.20,0,0.00,0,0.00,43484.36,434.84
211,Sortir du short,2026-02-11 23:00,Exit Short,#NUM!,123673267,-96094.12843,192.19,-0.20,0,0.00,0,0.00,43676.55,436.77
211,Entrer short,2026-02-11 23:00,Short,#NUM!,123673267,-96094.12843,192.19,-0.20,0,0.00,0,0.00,43676.55,436.77
212,Sortir du short,2026-02-12 03:00,Exit Short,#NUM!,138620287.3,-112143.8124,224.29,-0.20,0,0.00,0,0.00,43900.84,439.01
212,Entrer short,2026-02-12 03:00,Short,#NUM!,138620287.3,-112143.8124,224.29,-0.20,0,0.00,0,0.00,43900.84,439.01
213,Sortir du short,2026-02-12 13:00,Exit Short,#NUM!,159462850.1,-187528.3117,375.06,-0.20,0,0.00,0,0.00,44275.89,442.76
213,Entrer short,2026-02-12 13:00,Short,#NUM!,159462850.1,-187528.3117,375.06,-0.20,0,0.00,0,0.00,44275.89,442.76
214,Sortir du short,2026-02-12 15:00,Exit Short,#NUM!,142213787.2,-121308.3605,242.62,-0.20,0,0.00,0,0.00,44518.51,445.19
214,Entrer short,2026-02-12 15:00,Short,#NUM!,142213787.2,-121308.3605,242.62,-0.20,0,0.00,0,0.00,44518.51,445.19
215,Sortir du short,2026-02-12 17:00,Exit Short,#NUM!,162218842.6,-132857.2321,265.71,-0.20,0,0.00,0,0.00,44784.22,447.84
215,Entrer short,2026-02-12 17:00,Short,#NUM!,162218842.6,-132857.2321,265.71,-0.20,0,0.00,0,0.00,44784.22,447.84
216,Sortir du short,2026-02-12 23:00,Exit Short,#NUM!,163500829.9,-71613.36351,143.23,-0.20,0,0.00,0,0.00,44927.45,449.27
216,Entrer short,2026-02-12 23:00,Short,#NUM!,163500829.9,-71613.36351,143.23,-0.20,0,0.00,0,0.00,44927.45,449.27